[
  {
    "name":"download",
    "asset":"assets/tenor.gif",
    "height":"32",
    "width":"32"
  },
  {
    "name":"copy link",
    "asset":"assets/tenor.gif",
    "height":"32",
    "width":"32"
  },
  {
    "name":"twitter",
    "asset":"assets/tenor.gif",
    "height":"42",
    "width":"42"
  },
  {
    "name":"twitter",
    "asset":"assets/tenor.gif",
    "height":"42",
    "width":"42"
  },
  {
    "name":"twitter",
    "asset":"assets/tenor.gif",
    "height":"42",
    "width":"42"
  },
  {
    "name":"More",
    "asset":"assets/tenor.gif",
    "height":"42",
    "width":"42"
  }
]