[
  {
    "name": "download",
    "asset": "assets/1.webp",
    "height": "32",
    "width": "32"
  },
  {
    "name": "copy link",
    "asset": "assets/2.png",
    "height": "32",
    "width": "32"
  },
  {
    "name": "twitter",
    "asset": "assets/3.webp",
    "height": "42",
    "width": "42"
  },
  {
    "name": "twitter",
    "asset": "assets/4.png",
    "height": "42",
    "width": "42"
  },
  {
    "name": "twitter",
    "asset": "assets/5.png",
    "height": "42",
    "width": "42"
  },
  {
    "name": "twitter",
    "asset": "assets/6.webp",
    "height": "42",
    "width": "42"
  },
  {
    "name": "More",
    "asset": "assets/7.wep",
    "height": "42",
    "width": "42"
  }
]